<?xml version="1.0" encoding="UTF-8"?>
<beans xmlns="http://www.springframework.org/schema/beans"
	xmlns:xsi="http://www.w3.org/2001/XMLSchema-instance"
	xmlns:context="http://www.springframework.org/schema/context"	
	xmlns:mvc="http://www.springframework.org/schema/mvc"
	xsi:schemaLocation="http://www.springframework.org/schema/mvc http://www.springframework.org/schema/mvc/spring-mvc-3.0.xsd
		http://www.springframework.org/schema/beans http://www.springframework.org/schema/beans/spring-beans-3.0.xsd
		http://www.springframework.org/schema/context http://www.springframework.org/schema/context/spring-context-3.0.xsd
		http://www.springframework.org/schema/aop http://www.springframework.org/schema/aop/spring-aop-3.0.xsd">

    <!-- Scans the classpath of the application for @Components to deploy as beans -->	
	<context:component-scan base-package="com.sjl.web" />    
    
	<!-- Configures the @Controller programming model -->
	<mvc:annotation-driven/>    
    
	<!-- Forwards requests to the "/" resource to the "home" view -->
	<mvc:view-controller path="/" view-name="index"/>    

	<mvc:resources mapping="/i/**" location="WEB-INF/images/" />
    <mvc:resources mapping="/c/**" location="WEB-INF/css/" />
    <mvc:resources mapping="/s/**" location="WEB-INF/scripts/" />
    <mvc:resources mapping="/favicon.ico" location="WEB-INF/images/favicon.ico" />

	<!-- i18n message source -->
	<bean id="messageSource" class="org.springframework.context.support.ReloadableResourceBundleMessageSource">
		<property name="basename" value="/WEB-INF/i18n/messages" />
		<property name="defaultEncoding" value="UTF-8"/>
		<property name="cacheSeconds" value="30" />
	</bean>
	
	<!-- Resolve jsp's -->
	<bean id="viewResolver" class="org.springframework.web.servlet.view.UrlBasedViewResolver">
	    <property name="viewClass" value="org.springframework.web.servlet.view.JstlView"/>
        <property name="prefix" value="/WEB-INF/views/"/>
        <property name="suffix" value=".jsp"/>
    </bean>
	
</beans>