[
	{"id":1,"text":"Root 1","icon":"0","children":
		[
			{"id":4,"text":"Child 1.1","icon":"1","children":
				[
					{"id":12, "text":"Child 1.1.1","icon":"4"},
					{"id":13, "text":"Child 1.1.2","icon":"4"}
				]},
			{"id":5, "text":"Child 1.2","icon":"1"},
			{"id":6, "text":"Child 1.3","icon":"1"},
			{"id":7, "text":"Child 1.4","icon":"1"}
		]
	},
	{"id":2,"text":"Root 2","icon":"0","children":
		[
			{"id":8,"text":"Child 2.1","icon":"2"},
			{"id":9,"text":"Child 2.2","icon":"2"}
		]
	},
	{"id":3,"text":"Root 3","icon":"0","children":
		[
			{"id":10,"text":"Child 3.1","icon":"3"},
			{"id":11,"text":"Child 3.2","icon":"3"}
		]
	}
]

