<?xml version="1.0" encoding="UTF-8"?>
<beans xmlns="http://www.springframework.org/schema/beans"
    xmlns:mvc="http://www.springframework.org/schema/mvc"
    xmlns:xsi="http://www.w3.org/2001/XMLSchema-instance"
    xsi:schemaLocation="
        http://www.springframework.org/schema/beans
        http://www.springframework.org/schema/beans/spring-beans.xsd
        http://www.springframework.org/schema/mvc
        http://www.springframework.org/schema/mvc/spring-mvc.xsd"> 
        
    <bean class="com.concretepage.service.ArticleService"/>
	<bean name="jackson2ObjectMapper" class="org.springframework.http.converter.json.Jackson2ObjectMapperFactoryBean">
	    <property name="indentOutput" value="true"/>
	</bean>    
	<mvc:annotation-driven>
	    <mvc:message-converters>
	        <bean class="org.springframework.http.converter.json.MappingJackson2HttpMessageConverter">
	            <property name="objectMapper" ref="jackson2ObjectMapper" />
	        </bean>
	    </mvc:message-converters>
	</mvc:annotation-driven>
</beans> 