<?xml version="1.0" encoding="UTF-8"?>
<beans:beans xmlns="http://www.springframework.org/schema/mvc"
	xmlns:xsi="http://www.w3.org/2001/XMLSchema-instance"
	xmlns:beans="http://www.springframework.org/schema/beans"
	xmlns:context="http://www.springframework.org/schema/context"
	xsi:schemaLocation="http://www.springframework.org/schema/mvc http://www.springframework.org/schema/mvc/spring-mvc.xsd
		http://www.springframework.org/schema/beans http://www.springframework.org/schema/beans/spring-beans.xsd
		http://www.springframework.org/schema/context http://www.springframework.org/schema/context/spring-context.xsd"> 

	<!-- DispatcherServlet Context: defines this servlet's request-processing infrastructure -->
	
	<!-- Enables the Spring MVC @Controller programming model -->
	<annotation-driven />

	<!-- Handles HTTP GET requests for /resources/** by efficiently serving up static resources in the ${webappRoot}/resources directory -->
	<resources mapping="/resources/**" location="/resources/" />

	<!-- Resolves views selected for rendering by @Controllers to .jsp resources in the /WEB-INF/views directory -->
	<beans:bean class="org.springframework.web.servlet.view.InternalResourceViewResolver">
		<beans:property name="prefix" value="/WEB-INF/views/" />
		<beans:property name="suffix" value=".jsp" />
	</beans:bean >
	<beans:bean class="org.springframework.jdbc.datasource.DriverManagerDataSource" id="dataSource">
		 <beans:property name="driverClassName" value="com.mysql.jdbc.Driver"></beans:property>
		 <beans:property name="url" value="jdbc:mysql://localhost:3306/test"></beans:property>
		 <beans:property name="username" value="root"></beans:property>
		 <beans:property name="password" value="root"></beans:property>
	</beans:bean> 
		
	
	<beans:bean id="transactionManager" class="org.springframework.orm.hibernate4.HibernateTransactionManager" >
		<beans:property name="sessionFactory" ref="sessionFactory"></beans:property>
	</beans:bean>
	
	<beans:bean class="org.springframework.orm.hibernate4.LocalSessionFactoryBean" id="sessionFactory">
			<beans:property name="dataSource" ref="dataSource"></beans:property>
			<beans:property name="annotatedClasses">
				   <beans:list>
					    <beans:value>com.spring.model.Employee</beans:value>
					    <beans:value>com.spring.model.Address</beans:value>
				   </beans:list>
			</beans:property>
			
 		
	<beans:property name="hibernateProperties">
		<beans:props>
			  <beans:prop key="hibernate.dialect">org.hibernate.dialect.MySQL5Dialect</beans:prop>
			  <beans:prop key="hibernate.show_sql">true</beans:prop>
			  <beans:prop key="hibernate.hbm2ddl.auto">update</beans:prop> 
			  <!-- <mapping class="com.spring.model.Employee"/>
			  <mapping class="com.spring.model.Address"/>   --> 
		</beans:props>
	</beans:property>
</beans:bean>
	
	<beans:bean class="org.springframework.orm.hibernate4.HibernateTransactionManager" id="hibernateTransactionManager">
		<beans:property name="sessionFactory" ref="sessionFactory"></beans:property>
	</beans:bean>
	
	<context:component-scan base-package="com.spring.controller" />
	<context:component-scan base-package="com.spring.dao" />
	<context:component-scan base-package="com.spring.model" />
	<context:component-scan base-package="com.spring.services" />
	
	
</beans:beans>
